--
-- Script was generated by Devart dbForge Data Generator for MySQL, Version 2.4.311.0
-- Product Home Page: http://www.devart.com/dbforge/mysql/data-generator
-- Script date 26.11.2020 11:50:20
-- Target server version: 8.0.21
-- Target connection string: User Id=root;Host=localhost;Character Set=utf8
--



SET NAMES 'utf8';
USE steam;
--
-- Delete data from the table 'game_and_tags'
--
TRUNCATE TABLE game_and_tags;
--
-- Delete data from the table 'game'
--
DELETE FROM game;
--
-- Delete data from the table 'publicshing_house'
--
DELETE FROM publicshing_house;
--
-- Delete data from the table 'game_tag'
--
DELETE FROM game_tag;
--
-- Delete data from the table 'game_news'
--
DELETE FROM game_news;
--
-- Delete data from the table 'game_additional_content'
--
DELETE FROM game_additional_content;

--
-- Inserting data into table game_additional_content
--
INSERT INTO game_additional_content(idgame_additional_content, content) VALUES
(1, x'685C069F3E591B4A093AB9B23ADE4B98FA3B02965594266074A77C06F5AF967652D7BB9FEF25105F'),
(2, NULL),
(3, x'8EEF076DFBFA7FB300929A250408656E389B6AFCB1629F0964FC2CE23F521037E7385BD0B000FF16B3760A0829'),
(4, x'569F2A0516FFA3A8B2494B0EB8C8E045B89F25078B135F969196410E6B03BCDE06'),
(5, x'84088DD90B4C7B3CAAC5FF4BAF170877446905FDDBC5F84D46A2F68B2D49F5083535CF30B328250B8286D4CDAA7D07EFF2F526CA6D38560308731FDBD6F0AD30FB6962'),
(6, x'A3FF3D6DA3AB1577100DC4955F9B505B58DD6925E621E570475C7C14E76510816169E11CCE0707AA'),
(7, x'59F7C87C59B7418D8D45DDE4571A022F15611EE23F1C073928C69B5D009041DF8A13A2C3A8072E03B6BFE45906AF70417F3A5112AC8613E2CEAD50C32F6DA7090A7D099838ADE8AEEE511FEF343D230D899775110808440120F62E3E8F785B895F0202D194196FBA7A823B2384D71F0AA102F735079CE29F05022CA2071503ECDB8959E656EB01478A180464DC1A52F6D324088DA1991F49028A'),
(8, x'9FBCCC56D874BB7007C2ADB09C4986B6925DB45225F615B550B3517CC050FBC03365E80F71671474009ABBC05A367A534F01173415F6D14000089EDAD118C254382450F85B514E1B9B12CE61CC091F710C1BFF3062F69C0008AA405DB2CC7A3F024C20E3730850931731E2414C48CDEC8FCCF15B330FA3188C29B326D0DEB1438873E5295C9884F28384AD20004904049CCD2F460208B53B01F20589B84B9302A32442AFCD1EB3F205AE338C3A930B041D81F629279F18BD0619D7DA8EAB853A53B487DB34'),
(9, x'E81A1C0A9A52D1E616C87193A5BB371973CD3C05DECFAECD92D86833F94B56385E5121D4D0129004B1A28398260E4974BA77150FD0000CC01466E2059108'),
(10, x'409B802C4B9DA04CB492018CFE06A987903ED53CBC76FC372FB8B741EA1C11E9C267E1C49F4527AEFE006F796E58622EA0446BB31BDA08C3EC29072B41331F5BEE09257570F82A52D4A75279C35D02005A2C02DC64C406CB12A9E44EA2984D8B85EAF57A900D5965EA7332D65B9EFCDB397DBB87A34B86AF362E38456EEB3C301805EAD6CE5D41C49790A6620C2EF0E0236264092C0AAA09B219B100285730A1AB02032086AB2D49067660374C79360560'),
(11, x'CF8AB658013DCCCE8383450D2359488975FCD83921424CB040FF0E2EDC446B651A405C47863FE9077D212AEDE95DC71A2705F2105506C22D6A34E8CD8C1109DFC890FACE047D068A4347964950BD0269E23E'),
(12, x'62E190E4BB822D40F397E307D800965D03E90B006A792B86886F6C0CAF88F04E0CC92BB59FCE91978A18F8936149AE'),
(13, x'0FAB0FCAFF46296333E66863FCDA07C1066EB2E2B4C92B991C3FDBB9EDE45CF681304D5C053B290CAF000F81C9B15911F4DA5E281B9C3B647EC6BBC4BD3C9AA1AE8805061C8E129BE51D93FB80A8CE5A00BB293AA6034637598FE701D7FF85A8AC446474BA2789E96DCA2AE131AB7AB0039CB8A65D0B63034A07835AF7FEE4EA620787A1EB6CFB3E090F5915FC64BE40B21351723B136F2C0B15ABD1034A5363000FFDE9BE3B79B9080D17DFA0AD'),
(14, x'03D008591E5A09B962B07D233E0A5CA73E0251D269983006BA26AA2FBCF807623BAAC905A508C8366AE406798F75080D65B7FE5206437C82985AA3F950316EFABC18076EB0C77806B784BEEE51EBE05DDBFDF8DF2D68B5697DF63152025EB443EB45094008CC478B872DCEEA0FED3D3B051E03E0C0A7FB38174601BF0D01B004E61D078F190EF633B36D0207FE027D48F2AB9D3B4907424231D96AD5006DEC7EAB0C816207BC00ECB452A0100F2B69C067648E0D0907DF0831FDC3E9'),
(15, x'3EABA32205AC84F5D415303DCC7E40A527C29ADD57B35E2E6CEDADD8C166079F9C966331EBB14DC81404071F25'),
(16, x'01E45956200027547D4DB5CF2CEC0A25C34272899B5BDC5EC57D2B13658ADBC5D4DD53D6848B4EB0EBB8BF571080D420D308C95DC747944B501E2341ED78FD6400F75B065CDDB01E0E583F67F4DDD35EA52406707199AF0E17C5D40AB66C6DB7A9FCFAE5A91744ABBB6E806812D45436E0C59946E208399DB01D5AA1420C'),
(17, x'4308548F8C10B0DF1C3361B881406E75020BFE480C15EEDF86B769DB42684B7A02073FECCC37B307BE8D5E4507769CF1BD9A78008C171A5783284C228C47E06A714629B5B0557FCDAF8FB007B3902F018CF0950B08077FD483A703CB64474DD108EEE16BA3C596040F4B1CD554DD49E13704EFCBCC6A4CAC1F28E58FE58291F1004363FEF301FB00444FC42D2991EA29EA079B898A5AF7988BBD53A810B50FC42A5CD5AE79D63CEE1B2CFE4500C0'),
(18, x'ADD51FD95EF3B97EAC'),
(19, x'78460605AAF12BEB8159495D62883C5C7570C020B319E10003787709CF016E480942CF96055DD40422F3F4E6BEA653F95B6F5D3086C850DBEA19293638048B28009E17695C7CEF57A80AB731761559AA8253C734990A78498765A782E8005B53AD4EF106C28ADA6218FDAC224855AF895BBDB15823003BB9A3AD45ADEA06FE69E260A2E44E598B932D7B45DCE709568E5065486D5E22709989'),
(20, x'27F84D69BE11C2413D00078C7D060B2DA70A0B27407100214B645C0709561BF8EBA5230AD8063C733A39D416A0F1A90404773E690604B409572F022132093873E370'),
(21, x'3FBD03BECC01D8F60945DE2785EEA645F5C2BEB336612DB25C4724282C37028D4676C4A2BA29980689EAC94DB4A003546065B9AC1476F7'),
(22, NULL),
(23, NULL),
(24, x'FE0F77B9C8AF06E70EA3051502ACFE02ED271B214ABD6F632895D29F9D1FA5'),
(25, x'150232FC08F4D52B2EFB001E'),
(26, x'0DFF004F'),
(27, x'5B1BDDDEA04C1CF24BE133E60209600268870CA7A5D7EC08B173D267606F774B421263B42D290F35CDB7893C0B9E0BE9214F3D044B7DBC2750D401E306A07115D908E6AB5A16B694FA06D0F5C500078787E6A5'),
(28, x'399AF21D7014084E5D30DF3D1FC0C005987F6644AFBCBA1B47D2684051E50D8B454ED21D0D96F096A28BB17805C0DFB0D71332312643166D7D55849F1E12BA5A09C71A8D1506F34034A31B4DD54841E416B9314FA508A326283C09'),
(29, x'2891A550F9DD480BD2EC0707938B52BD064477D0D0170460CA3126D00668153923323F930A4D577936FAA503677EF6124305F4428EB6F4765B159E4E1C24B0050860E9CF072407EDED391CF73F2268CB44F93B70'),
(30, x'758372B832AEB6B7082F249203CC4D0868B34355FAD6037CD242B10A00BE00944DC174060F6018383DF94B36107B61BFEE0A44C71656C2DCBAF50299D9EB2AA348C2DE6CB50440AB6FBC090985D250CF5A3C061DB10B3D7200350770BCD5D2'),
(31, x'8560A35825D2A0001F110403948876531DC4560EC873CA056E1C114406CB834B9CC5D19BCB005E53182B69829605006411576BBBA46167DA07225A282B076F75C7D5A0732057DC62EBAB0230522956A0BCCD2BDE8253B7CD3D270567989642130441DF6F0DA5AFA403254B27A637FA48007E132C5E0E624369372C56372F08EA6E2C7080450A25B306C763076505CE2275AC811A242407B20101481AED2A511B7B0A9B71415F'),
(32, x'9D1ACFEB39'),
(33, x'BC395806282484CB8D1043BBEB4A07E4207BA9B47B1A422272D2621700A36FC0F1D82C8986B69CF64F6701297E10EFD6B07D15A4A75F710592B92639026C08095F7D4FA3B13523A43288EC6302615E0F1186013868B8047F073DA1092C4510DBFA8F09C51933D9805100C8876608E62A4563614104DF61FDA438E26EE4517B8511B5987C320BD03F64BB5F7EFDB55605B8DB07AB08BF4B014A608B2E06B1640052B8C7200203CE8D6A8E150804A1B2FF61E24C44'),
(34, x'0625EE8C1A4104057F'),
(35, x'019C3369CA893A0F3AAFD6338FC95E986587FCACB5447FD9FADE07697836154CA941D18DA7E96C6B665AD3F8428DB6ACC0D0D0AF13F77490F2C11DC0427A0D73318F040AC24800E1951A1B8C29B0E47D7B6E05BB0D465FD4DF427C5B380807F13AF715014578E305C74800B4944D9B0413DAB10098C1D8DF13'),
(36, x'84BC201C81EB0660683A3516C59641B49A7D325AA4FBC01EC3A08B934FB009CD736C05088C202C26008EF3046D66B19E70488827B009CE00100E6804EEC52EE4092A5408A29CC5FFCE62ED3459B2A46E0D0E05A076027982F9B7AC06FCDDD5619D5B02D6A040E86F35BF0BDF617407CD6EACD474872F0A54E4B1945195C330BFB231278A61822215A4F67CB2C973FF6A1E654CB05104D5D27AD8084E1D7389042059EBC4A43DCAD4B2'),
(37, x'222A3E950144428FEA08D4289D17C64845FD77BD7012D7C022C7574804D3457D298DA1021508FC7AF1DB'),
(38, x'091C05928FCD0920AACB2DBFE2B225ECB6DE823DE5949ED092598E0A832FC7438ABEF7200B4FF6B45F20F50E6C92D10220B50909E6D2D9C87663E86E0400B0A21231AB044B8944FBBDCA7115C2CC4AF406D85A034D37FE05B3A6068A279C478DDC1C6C4BDF2801'),
(39, x'EC247886D83C3578088669A4000667033E0299140309597483D906B71E5A'),
(40, x'4BDB6704BA669EF1550E2356BB32FA1B39B124529496992565A7481EF430F25BC07FAEE6DD9A099D06859B5E1D6A997705676C0EA1B80B62003AF784C5AE3FF35BB37FD1F45A2609E781E751'),
(41, x'2AA202A5A7268181D965DE94D3027210EDCA8612D6DFDFA0DA525D15A7DD646ED23EED124456115EAE87BB9121B5A325400A0C08E36C5EAFBD7AAB50380520001F5C5512746A00F8710B35'),
(42, x'82070C3FED1E1A8AA11FB663A92E364451AEA13C18F92CB74432FDA0BF71387C0F59C75DE45F255C157468043D1AEC73DDD0C4FEFC0663D3703C61F22EE8CE96049F83D41A64E09E1507B1237E4C13DBCC7E99D1F636EE0DAB761A8683280902085FC80D0BDA35234D45835FDB43E3BC13DC60F62EBE235705D7426E37E300070C7F0246F992A8D8281AE9BF518A73157EE8B0A9399387DD9FDA2B151B9E62BB07FE373B8301B621FC286E91190D8E3F6CAFFF226B255A3E2A'),
(43, x'4A04001ECA1B3679B857A2255F2DFB9F70A96F431DE5877B98E17D65D82C30DE087B14748CBC3A4A93EE6096F30031D44CCF82327D7D6354B00304D142715CD50559B9051AB30D186F06257DB10561995A1560A9AEB12C626A6949C21A2BFAEF9BE8BCD4207434CAAECEFEE7BC2A08039688331B6C57C80671BFD30C093C003F2B4ACE08335D3658053A0A97E438FB4E6E553333EB7B8AE6D99E4671AFCDAC'),
(44, x'8764049405F1B3BEDE7C61C41612403D6D080F8191EC2B6865B2A53106CFAAC333183CC81AFEF7105CAE7E4E89CF02EA03462233D7F89C4CA23714C381EEA6638D49031C29'),
(45, NULL),
(46, x'11C297C4BF02B4184D09208478FA10DDB36B792AA31D2F9CFE004F149EC36A2A21588CE8909030E3142ECCCD65265DC011CB3B1DA47FDBD44B758919D05E659C6F1348DC84FCD40774CC4C025BA9'),
(47, x'7286EF33CB81A6'),
(48, x'6072B2D6493413E484A6C4AFB430091FD5F2949E9937F9EA36E100B5130326369370036D6D851CA30434715D38'),
(49, x'478F5DF66605A8E35013A15232746196B5F95DD307264235E2F1BB20078D50E40D9C84409224121C000908EA66C6DB9DB24E40D6F916EE48015429E805319897BCC24D022E2678497A'),
(50, x'4115E4AC001676BA1F12100097792AAA603B2343B3AC7DAE9136040638B57E3C217134B68B698E06638D6F6CEB438A0010C06716085C34CA43161279C9A317BACE424C576369B04FF608D021024C051278E709159B7701A387CCE6956603FA738A3A4BB45B3216732BD889EB045E3DE93F58045ECDABEBFA6A63E70EA1314B47');

--
-- Inserting data into table game_news
--
INSERT INTO game_news(idgame_new, new) VALUES
(1, NULL),
(2, 'N7LF2HW85TM'),
(3, '5J4G3W387FLO9RX0KDW4PN8NW2KZ825NRMKFQM2M3RZX32768PQ89WF0'),
(4, 'GI4536WMZG73O3C5H7C'),
(5, '48YH15AO6'),
(6, NULL),
(7, '303'),
(8, '18X6694'),
(9, '638'),
(10, '98W28LI079507Q5KFR08DX0HE53957G537G878'),
(11, 'EIB9U69LZZ81A5THPKLPH02O'),
(12, 'ZWW4O5230Z8JC7O3A60W3C12XD2F834F2IXRU4HBCE5HIN069P0P9X239TH03050K2FM004755YK2JOPBW7TDM9QUVJHO57362FMH5D3396NC3O8P401G8871356CGSKJU4P652ZVLVCD9EI1B2154C1X6XRS0695'),
(13, '8941UME09P629'),
(14, NULL),
(15, 'WO5C8'),
(16, NULL),
(17, 'G1S3OMZZ'),
(18, 'J2A64C57894Q54618AMFH5GD3J31D72109D473X29AC3'),
(19, '4701TK1V58EEVT60U5T2H736KTT7TP50G5XCO82N2435PVQ52X4CAT1I1WR83O'),
(20, '57LV388QHI5A513HS4O1'),
(21, '71U'),
(22, 'F1GCS600JC6ZIF9B1T9A3L6M9944AM'),
(23, 'M3M1ILF9MW2FL52HK6K76W84TOL8I4DDW'),
(24, '8UCGY54102N9NR75CQHHMJHC1'),
(25, NULL),
(26, 'V4266GSXR9W22U025TAH2Q'),
(27, '3'),
(28, '595245ZMR6LU363965VF'),
(29, 'BO0HA28INIB1XH3J947J7T2K134479T7719MU8R521Z92AN3V05VT158Z7B0'),
(30, 'T5UHWZMJQG6RLLOK7107KS33AU06655N'),
(31, 'P1JYN90E7D46IBK13ZO173H0I16T25UB54TKHC9TL'),
(32, 'ALT9PX6F'),
(33, 'LJQ6TROSR'),
(34, '7MU6'),
(35, '421D3WE97J8FN9OQA3B'),
(36, '925FAV1T0S5H12O2283N3N3XMDZTOJFINQ0I2625W48CX6138O'),
(37, 'B0KJ186VPN838OK9O89TJJ0E40'),
(38, '57QPNYQT5Z'),
(39, 'ET2LRTO'),
(40, '0E2TQ'),
(41, 'BFX'),
(42, 'UIUY70Q80QQ045R40635K4E7V52S9C328N6074L'),
(43, '5478333FD5F2W812UBK66X76ITK'),
(44, 'Z2OA9M71684ON8427S1AENBMNM6GA5'),
(45, '04A910201Q'),
(46, '0WFDL25H8PJSK0W6QH'),
(47, '5011JG'),
(48, '1V3D3LZP4MJ6TO'),
(49, '5Z3A0F08UHUFHKL0U961SA270F26F737R97GW49188VCA06877RUYY0PZ9K3RWSI520K38E9407UW15TAQ'),
(50, '8Y8726RT145DSMS36D7S4M996K3TR4VMHHT4543JV246WECJ39N3249R5OMV9CC2L6O');

--
-- Inserting data into table game_tag
--
INSERT INTO game_tag(idgame_tag, tag_name) VALUES
(1, 'Wilhelm466'),
(2, 'Manuel634'),
(3, 'Ridley1952'),
(4, 'Elvin1966'),
(5, 'Markus455'),
(6, 'Fletcher1967'),
(7, 'Benjamin2007'),
(8, NULL),
(9, 'Dugan1994'),
(10, 'Gene2017'),
(11, 'Cyndy1971'),
(12, 'Ackerman154'),
(13, 'Jamar86'),
(14, 'Mitch5'),
(15, 'Akers5'),
(16, NULL),
(17, 'Terry2017'),
(18, 'Lozano2009'),
(19, 'Jonah1957'),
(20, 'Anette1999'),
(21, 'Morton271'),
(22, 'Kenyatta157'),
(23, 'Eleonora1954'),
(24, 'Shapiro1991'),
(25, 'Ninfa234'),
(26, 'Abrams1981'),
(27, 'Amos1953'),
(28, 'Eleni5'),
(29, 'Rosy26'),
(30, 'Ramiro665'),
(31, 'Gann1988'),
(32, 'Ashley1'),
(33, 'Harry585'),
(34, 'Putnam5'),
(35, 'Robinette1977'),
(36, 'Elna988'),
(37, 'Shane479'),
(38, 'Hildred55'),
(39, NULL),
(40, 'Adan3'),
(41, 'Ahmed6'),
(42, 'Antony2000'),
(43, NULL),
(44, 'Benson1998'),
(45, 'Tobias2011'),
(46, 'Javier2019'),
(47, 'Adelina557'),
(48, NULL),
(49, 'Newcomb2029'),
(50, 'Karl576');

--
-- Inserting data into table publicshing_house
--
INSERT INTO publicshing_house(idpublicshing_house) VALUES
(1),
(2),
(3),
(4),
(5),
(6),
(7),
(8),
(9),
(10),
(11),
(12),
(13),
(14),
(15),
(16),
(17),
(18),
(19),
(20),
(21),
(22),
(23),
(24),
(25),
(26),
(27),
(28),
(29),
(30),
(31),
(32),
(33),
(34),
(35),
(36),
(37),
(38),
(39),
(40),
(41),
(42),
(43),
(44),
(45),
(46),
(47),
(48),
(49),
(50);

--
-- Inserting data into table game
--
INSERT INTO game(game_id, additional_content_id, news_id, publicshing_house_idpublicshing_house) VALUES
(1, 27, 12, 16),
(2, 39, 34, 21),
(3, 6, 19, 20),
(4, 9, 48, 14),
(5, 36, 16, 2),
(6, 32, 30, 23),
(7, 26, 33, 6),
(8, 40, 45, 38),
(9, 25, 12, 7),
(10, 5, 47, 20),
(11, 18, 12, 1),
(12, 35, 6, 17),
(13, 21, 21, 30),
(14, 3, 19, 28),
(15, 4, 37, 15),
(16, 44, 16, 40),
(17, 36, 20, 12),
(18, 42, 24, 48),
(19, 39, 4, 2),
(20, 29, 42, 2),
(21, 44, 4, 28),
(22, 13, 13, 8),
(23, 31, 6, 6),
(24, 32, 46, 27),
(25, 2, 34, 41),
(26, 5, 32, 36),
(27, 42, 1, 18),
(28, 40, 49, 7),
(29, 20, 9, 28),
(30, 10, 40, 41),
(31, 18, 42, 4),
(32, 27, 7, 21),
(33, 4, 1, 6),
(34, 18, 11, 31),
(35, 47, 13, 10),
(36, 36, 41, 14),
(37, 31, 33, 16),
(38, 10, 41, 7),
(39, 2, 20, 9),
(40, 43, 27, 30),
(41, 48, 40, 49),
(42, 20, 6, 27),
(43, 27, 23, 10),
(44, 10, 5, 30),
(45, 1, 37, 50),
(46, 20, 22, 9),
(47, 6, 37, 45),
(48, 30, 16, 47),
(49, 12, 35, 45),
(50, 2, 36, 9);

--
-- Inserting data into table game_and_tags
--
INSERT INTO game_and_tags(game_id, game_tag_id) VALUES
(47, 47),
(9, 9),
(18, 18),
(4, 4),
(28, 28),
(50, 50),
(45, 45),
(48, 48),
(46, 46),
(23, 23),
(13, 13),
(19, 19),
(42, 42),
(14, 14),
(20, 20),
(49, 49),
(15, 15),
(37, 37),
(43, 43),
(21, 21),
(29, 29),
(38, 38),
(10, 10),
(16, 16),
(5, 5),
(11, 11),
(24, 24),
(30, 30),
(25, 25),
(22, 22),
(44, 44),
(6, 6),
(31, 31),
(39, 39),
(26, 26),
(32, 32),
(17, 17),
(12, 12),
(1, 1),
(34, 34),
(40, 40),
(27, 27),
(33, 33),
(7, 7),
(35, 35),
(41, 41),
(36, 36),
(2, 2),
(8, 8),
(3, 3);